scenario,h,PM_RMSE_med,PA_RMSE_med,best_dynamic,best_dynamic_RMSE_med,PM_win_share
regime_change,1,0.2944374197845966,0.25603421694272355,KernelARH,0.2541367936246848,0
regime_change,5,0.33032330732621257,0.2589471747577763,VAR1,0.2544503685061647,0
regime_change,10,0.34010203121682303,0.2610750727858252,VAR1,0.25553333234301623,0
strong_persistence,1,0.10425836056726806,0.17670703357702444,ARHinc,0.17673822002601447,1
strong_persistence,5,0.14664150526887593,0.185322710144846,ARHinc,0.18346558501641372,0.98
strong_persistence,10,0.1735800238432674,0.19124266189034994,ARHinc,0.18947039476163502,0.76
weak_persistence,1,0.32142994645245926,0.25485232716679385,KernelARH,0.25165194323685214,0
weak_persistence,5,0.3401697472239158,0.25641094902531797,KernelARH,0.2513282497040484,0
weak_persistence,10,0.344974823092596,0.2581198325341968,VAR1,0.2520961485595892,0
