source_key,citation_count,citation_lines,citation_sections,citation_contexts,doi_or_url,metadata_provider,metadata_status,source_type,title,authors,year,venue,volume,issue,pages,publisher,is_referenced_by_count,metadata_notes,review_status,recommended_action,raw_entry
Allen1974,1,431,Bases B-spline unidimensionales,"Si \(H=X(X^ X+ I)^{-1}X^\) es la matriz sombrero, su diagonal \(h_{qq}\) mide la sensibilidad del valor ajustado en el nodo \(q\) a su propia observación. Valores cercanos a uno indican alto leverage {HoaglinWelsch1978}. El residuo leave-one-out puede aproximarse por \(e_q/(1-h_{qq})\), lo que permite construir la suma de cuadrados predictiva PRESS sin reestimar 65 veces la superficie; el uso de PRESS como criterio de predicción se remonta a Allen {Allen1974}. En esta tesis, el leverage y el RMSE de ajuste se reportan como diagnósticos; no se utilizan para elegir retrospectivamente una base que favorezca un modelo de pronóstico.",10.1080/00401706.1974.10489157,Crossref,verified,journal-article,The Relationship Between Variable Selection and Data Agumentation and a Method for Prediction,"Allen, David M.",1974,Technometrics,16,1,125-127,Informa UK Limited,1119,title differs or is absent: The Relationship Between Variable Selection and Data Agumentation and a Method for Prediction,pending_substantive_review,inspect_metadata_difference,"Allen, D. M. (1974). The Relationship Between Variable Selection and Data Augmentation and a Method for Prediction. \emph{Technometrics}, 16(1), 125--127. \url{https://doi.org/10.1080/00401706.1974.10489157}"
AstonKirch2012,1,911,Métricas de evaluación,"El diseño se apoya en el marco de series funcionales temporalmente dependientes de Hörmann y Kokoszka {HormannKokoszka2010}. El escenario de cambio de régimen se incorpora como una alternativa controlada de no estacionariedad; la literatura de cambios en datos funcionales dependientes muestra por qué alteraciones de media o dinámica pueden modificar los subespacios estimados y la inferencia basada en componentes principales {AstonKirch2012}. Las formas, parámetros y fecha del quiebre elegidos aquí pertenecen al diseño experimental de la tesis y no se calibran para reproducir un episodio empírico específico.",10.1016/j.jmva.2012.03.006,Crossref,verified,journal-article,Detecting and estimating changes in dependent functional data,"Aston, John A.D.; Kirch, Claudia",2012,Journal of Multivariate Analysis,109,,204-220,Elsevier BV,81,,pending_substantive_review,retain,"Aston, J. A. D., \& Kirch, C. (2012). Detecting and Estimating Changes in Dependent Functional Data. \emph{Journal of Multivariate Analysis}, 109, 204--220. \url{https://doi.org/10.1016/j.jmva.2012.03.006}"
Aue2015,1,300,"Series funcionales, ARH y regresión no paramétrica","La dimensión dinámica se relaciona con procesos autorregresivos en espacios de Hilbert. Bosq {Bosq2000} formaliza procesos lineales funcionales y modelos ARH; Bosq y Blanke {BosqBlanke2007} desarrollan inferencia y predicción en alta dimensión. Aue et al. {Aue2015} presentan teoría y métodos de predicción para series funcionales estacionarias. Estos trabajos justifican modelar la dependencia temporal de una observación funcional mediante operadores, que en la práctica deben regularizarse o truncarse para poder estimarse con muestras finitas.",10.1080/01621459.2014.909317,Crossref,verified,journal-article,On the Prediction of Stationary Functional Time Series,"Aue, Alexander; Norinho, Diogo Dubart; Hörmann, Siegfried",2015,Journal of the American Statistical Association,110,509,378-392,Informa UK Limited,181,,pending_substantive_review,retain,"Aue, A., Norinho, D. D., \& Hörmann, S. (2015). On the Prediction of Stationary Functional Time Series. \emph{Journal of the American Statistical Association}, 110(509), 378--392. \url{https://doi.org/10.1080/01621459.2014.909317}"
Avellaneda2020,1,280,Superficies de volatilidad y factores comunes,"Cont y Da Fonseca {ContDaFonseca2002} documentan que las superficies de volatilidad implícita presentan dinámicas de factores comunes. Fengler et al. {Fengler2003} analizan componentes principales comunes y muestran que una fracción importante de la variación puede organizarse mediante pocos movimientos coordinados. El preprint de Avellaneda et al. {Avellaneda2020} retoma la representación por componentes principales para superficies de opciones sobre índices. En conjunto, estos trabajos respaldan la búsqueda de estructuras latentes parsimoniosas, aunque no implican que el modelo con mejor representación histórica sea necesariamente el mejor predictor fuera de muestra.",10.48550/arxiv.2002.00085,DataCite,verified,Preprint,PCA for Implied Volatility Surfaces,"Avellaneda, Marco; Healy, Brian; Papanicolaou, Andrew; Papanicolaou, George",2020,arXiv,,,,arXiv,,,pending_substantive_review,retain,"Avellaneda, M., Healy, B., Papanicolaou, A., \& Papanicolaou, G. (2020). PCA for Implied Volatility Surfaces. arXiv:2002.00085. \url{https://doi.org/10.48550/arXiv.2002.00085}"
BIS2025,1,282,Superficies de volatilidad y factores comunes,"La evidencia disponible se concentra en mercados desarrollados, índices accionarios y pares FX líquidos. Existen, sin embargo, aplicaciones con opciones sobre BRL, MXN y CLP: Reus et al. {ReusCarrascoPincheira2020} estudian la información predictiva de la sonrisa para esas tres monedas latinoamericanas, además de cuatro monedas desarrolladas. El contexto de mercado también es heterogéneo: la encuesta trienal del BIS registra una participación creciente, pero concentrada, de monedas emergentes en el volumen FX mundial {BIS2025}. Los pares latinoamericanos de esta tesis amplían ese ámbito empírico mediante una malla publicada homogénea. La liquidez no se mide directamente y, por ello, no se utiliza como explicación causal de diferencias entre pares.",https://www.bis.org/statistics/rpfx25_fx.htm,,manual_review,,,,,,,,,,,,pending_substantive_review,retain,Bank for International Settlements. (2025). \emph{Triennial Central Bank Survey: OTC Foreign Exchange Turnover in April 2025}. \url{https://www.bis.org/statistics/rpfx25_fx.htm}
Bosq2000,1,300,"Series funcionales, ARH y regresión no paramétrica","La dimensión dinámica se relaciona con procesos autorregresivos en espacios de Hilbert. Bosq {Bosq2000} formaliza procesos lineales funcionales y modelos ARH; Bosq y Blanke {BosqBlanke2007} desarrollan inferencia y predicción en alta dimensión. Aue et al. {Aue2015} presentan teoría y métodos de predicción para series funcionales estacionarias. Estos trabajos justifican modelar la dependencia temporal de una observación funcional mediante operadores, que en la práctica deben regularizarse o truncarse para poder estimarse con muestras finitas.",10.1007/978-1-4612-1154-9,Crossref,verified,book,Linear Processes in Function Spaces,"Bosq, Denis",2000,Lecture Notes in Statistics,,,,Springer New York,624,,pending_substantive_review,retain,"Bosq, D. (2000). \emph{Linear Processes in Function Spaces}. Springer. \url{https://doi.org/10.1007/978-1-4612-1154-9}"
BosqBlanke2007,1,300,"Series funcionales, ARH y regresión no paramétrica","La dimensión dinámica se relaciona con procesos autorregresivos en espacios de Hilbert. Bosq {Bosq2000} formaliza procesos lineales funcionales y modelos ARH; Bosq y Blanke {BosqBlanke2007} desarrollan inferencia y predicción en alta dimensión. Aue et al. {Aue2015} presentan teoría y métodos de predicción para series funcionales estacionarias. Estos trabajos justifican modelar la dependencia temporal de una observación funcional mediante operadores, que en la práctica deben regularizarse o truncarse para poder estimarse con muestras finitas.",10.1002/9780470724033,Crossref,verified,monograph,Inference and Prediction in Large Dimensions,"Bosq, Denis; Blanke, Delphine",2007,Wiley Series in Probability and Statistics,,,,Wiley,70,,pending_substantive_review,retain,"Bosq, D., \& Blanke, D. (2007). \emph{Inference and Prediction in Large Dimensions}. Wiley. \url{https://doi.org/10.1002/9780470724033}"
CarrWu2007,1,264,Patrones típicos,"La lectura económica de estos patrones debe ser prudente. Carr y Wu {CarrWu2007} relacionan la sonrisa y su inclinación con colas gruesas y asimetría de la distribución neutral al riesgo, mientras Chalamandaris y Tsekrekos {ChalamandarisTsekrekos2010} destacan que la forma observada agrega creencias mediante la oferta y demanda de opciones. Un cambio de nivel modifica el costo general de la protección; una variación del skew altera el precio relativo de movimientos en direcciones opuestas; y una variación de curvatura modifica el precio relativo de eventos alejados del centro de la distribución. No obstante, la FPCA identifica covariación estadística y no causas estructurales. Por ello, en los resultados las componentes se describen por la deformación que generan sobre la superficie, sin a",10.1016/j.jfineco.2006.03.010,Crossref,verified,journal-article,Stochastic skew in currency options☆,"CARR, P; WU, L",2007,Journal of Financial Economics,86,1,213-247,Elsevier BV,284,,pending_substantive_review,retain,"Carr, P., \& Wu, L. (2007). Stochastic Skew in Currency Options. \emph{Journal of Financial Economics}, 86(1), 213--247. \url{https://doi.org/10.1016/j.jfineco.2006.03.010}"
ChalamandarisTsekrekos2010,2,264; 308,Patrones típicos | Evaluación predictiva y benchmark de persistencia,"La lectura económica de estos patrones debe ser prudente. Carr y Wu {CarrWu2007} relacionan la sonrisa y su inclinación con colas gruesas y asimetría de la distribución neutral al riesgo, mientras Chalamandaris y Tsekrekos {ChalamandarisTsekrekos2010} destacan que la forma observada agrega creencias mediante la oferta y demanda de opciones. Un cambio de nivel modifica el costo general de la protección; una variación del skew altera el precio relativo de movimientos en direcciones opuestas; y una variación de curvatura modifica el precio relativo de eventos alejados del centro de la distribución. No obstante, la FPCA identifica covariación estadística y no causas estructurales. Por ello, en los resultados las componentes se describen por la deformación que generan sobre la superficie, sin a || La persistencia se incluye como referencia principal porque copiar la última observación constituye la predicción mínima que un modelo dinámico debe mejorar. En superficies FX, Chalamandaris y Tsekrekos {ChalamandarisTsekrekos2010} comparan sus modelos contra una caminata aleatoria y describen este tipo de referencia como difícil de superar a horizontes cortos; Shang y Kearney {ShangKearney2022} también evalúan métodos funcionales dinámicos contra benchmarks establecidos. Su simplicidad no vuelve irrelevante a PM: si el objeto cambia lentamente, una regla sin parámetros puede evitar error de estimación. Además, PM conserva la malla cruda, mientras que PA y los modelos de puntajes comparten el costo de la representación funcional. Esta diferencia permite identificar si una eventual pérdida ",10.1016/j.jbankfin.2009.11.014,Crossref,verified,journal-article,Predictable dynamics in implied volatility surfaces from OTC currency options,"Chalamandaris, Georgios; Tsekrekos, Andrianos E.",2010,Journal of Banking & Finance,34,6,1175-1188,Elsevier BV,32,,pending_substantive_review,retain,"Chalamandaris, G., \& Tsekrekos, A. E. (2010). Predictable Dynamics in Implied Volatility Surfaces from OTC Currency Options. \emph{Journal of Banking \& Finance}, 34(6), 1175--1188. \url{https://doi.org/10.1016/j.jbankfin.2009.11.014}"
ContDaFonseca2002,2,96; 280,Introducción | Superficies de volatilidad y factores comunes,"La literatura muestra que las superficies de volatilidad suelen estar gobernadas por pocos factores latentes. Cont y Da Fonseca {ContDaFonseca2002} y Fengler et al. {Fengler2003} documentan estructuras comunes en volatilidades implícitas. En la literatura arbitrada, Kearney et al. {Kearney2018}, Shang y Kearney {ShangKearney2022} y Tan et al. {Tan2024} desarrollan enfoques funcionales para pronosticar superficies o procesos de volatilidad. Como antecedentes complementarios, Jaimungal y Ng {JaimungalNg2007} presentan un VAR-FPCA para curvas financieras en actas de conferencia y Weaver et al. {Weaver2020} aplican FPCA al pronóstico de superficies FX en un informe institucional. Estas contribuciones motivan la pregunta central de esta tesis: en una muestra reciente y densa de superficies camb || Cont y Da Fonseca {ContDaFonseca2002} documentan que las superficies de volatilidad implícita presentan dinámicas de factores comunes. Fengler et al. {Fengler2003} analizan componentes principales comunes y muestran que una fracción importante de la variación puede organizarse mediante pocos movimientos coordinados. El preprint de Avellaneda et al. {Avellaneda2020} retoma la representación por componentes principales para superficies de opciones sobre índices. En conjunto, estos trabajos respaldan la búsqueda de estructuras latentes parsimoniosas, aunque no implican que el modelo con mejor representación histórica sea necesariamente el mejor predictor fuera de muestra.",10.1088/1469-7688/2/1/304,Crossref,verified,journal-article,Dynamics of implied volatility surfaces,"Cont, Rama; da Fonseca, José",2002,Quantitative Finance,2,1,45-60,Informa UK Limited,325,,pending_substantive_review,retain,"Cont, R., \& Da Fonseca, J. (2002). Dynamics of Implied Volatility Surfaces. \emph{Quantitative Finance}, 2(1), 45--60. \url{https://doi.org/10.1088/1469-7688/2/1/304}"
DeBoor2001,1,288,Análisis de datos funcionales y representación mediante bases,"La elección de una base no es un detalle puramente computacional. Determina el subespacio en el cual se aproxima la observación funcional y el tipo de regularidad que puede representarse. Las bases B-spline resultan apropiadas por su soporte local, estabilidad numérica y flexibilidad. La construcción se apoya en de Boor {DeBoor2001}. Eilers y Marx introducen el suavizado flexible mediante B-splines y penalizaciones {EilersMarx1996} y posteriormente desarrollan una aplicación bidimensional de regresión penalizada {EilersMarx2003}; Ruppert et al. {Ruppert2003} y Wood {Wood2017} ofrecen tratamientos más generales del suavizado penalizado. Para superficies bidimensionales, el producto tensorial permite combinar una base por delta y otra por tenor. Reiss y Xu {ReissXu2020} estudian la relación ",https://link.springer.com/book/9780387953663,,manual_review,,,,,,,,,,,,pending_substantive_review,retain,"de Boor, C. (2001). \emph{A Practical Guide to Splines} (revised ed., Applied Mathematical Sciences, Vol. 27). Springer. \url{https://link.springer.com/book/9780387953663}"
DavisKahan1970,1,1135,FPCA rolling como diagnóstico de cambios de régimen,"La distancia reportada se calcula como \(d(P,Q)={P-Q}_F\), donde \(P\) y \(Q\) son los proyectores sobre las primeras tres direcciones local y global. La comparación geométrica de subespacios principales se relaciona con los ángulos entre subespacios estudiados por Davis y Kahan {DavisKahan1970} y con la comparación de espacios de componentes principales propuesta por Krzanowski {Krzanowski1979}. Un valor cero indica subespacios idénticos; valores mayores indican rotación. La medida compara envolventes de componentes y no signos individuales, por lo que no confunde una inversión arbitraria de signo con un cambio de estructura. Su escala se interpreta de manera relativa entre pares y ventanas, no como un test formal de quiebre.",10.1137/0707001,Crossref,verified,journal-article,The Rotation of Eigenvectors by a Perturbation. III,"Davis, Chandler; Kahan, W. M.",1970,SIAM Journal on Numerical Analysis,7,1,1-46,Society for Industrial & Applied Mathematics (SIAM),799,,pending_substantive_review,retain,"Davis, C., \& Kahan, W. M. (1970). The Rotation of Eigenvectors by a Perturbation. III. \emph{SIAM Journal on Numerical Analysis}, 7(1), 1--46. \url{https://doi.org/10.1137/0707001}"
DieboldMariano1995,2,100; 306,Introducción | Evaluación predictiva y benchmark de persistencia,"Esta tesis propone y evalúa un flujo de trabajo funcional completo. Primero, cada superficie diaria se aproxima mediante una base B-spline tensorial sobre delta y tenor. Segundo, se corrige la métrica de los coeficientes mediante la matriz de Gram y su factorización de Cholesky, de modo que la FPCA se realice en la geometría \(L^2\) correspondiente. Tercero, se comparan modelos de pronóstico fuera de muestra sobre puntajes FPCA contra dos persistencias: persistencia cruda en la malla observada (PM) y persistencia de la superficie ajustada (PA). La evaluación se realiza mediante ventanas móviles y reestimación local por origen, selección conjunta de \(TRAIN\_SIZE\) y \(K_0\), RMSE sobre la malla observada, tasas de acierto frente a PM y pruebas de Diebold-Mariano {DieboldMariano1995}. La me || La evaluación fuera de muestra exige que cada pronóstico se construya con información disponible en su fecha de origen. Diebold y Mariano {DieboldMariano1995} proporcionan un marco para contrastar diferencias de precisión predictiva mediante una serie de diferenciales de pérdida. Esta tesis complementa la prueba con medianas de error y tasas de acierto, porque una diferencia promedio estadísticamente significativa y la frecuencia con que un modelo gana responden preguntas relacionadas, pero distintas.",10.1080/07350015.1995.10524599,Crossref,verified,journal-article,Comparing Predictive Accuracy,"Diebold, Francis X.; Mariano, Roberto S.",1995,Journal of Business & Economic Statistics,13,3,253-263,Informa UK Limited,8496,,pending_substantive_review,retain,"Diebold, F. X., \& Mariano, R. S. (1995). Comparing Predictive Accuracy. \emph{Journal of Business \& Economic Statistics}, 13(3), 253--263. \url{https://doi.org/10.1080/07350015.1995.10524599}"
EilersMarx1996,1,288,Análisis de datos funcionales y representación mediante bases,"La elección de una base no es un detalle puramente computacional. Determina el subespacio en el cual se aproxima la observación funcional y el tipo de regularidad que puede representarse. Las bases B-spline resultan apropiadas por su soporte local, estabilidad numérica y flexibilidad. La construcción se apoya en de Boor {DeBoor2001}. Eilers y Marx introducen el suavizado flexible mediante B-splines y penalizaciones {EilersMarx1996} y posteriormente desarrollan una aplicación bidimensional de regresión penalizada {EilersMarx2003}; Ruppert et al. {Ruppert2003} y Wood {Wood2017} ofrecen tratamientos más generales del suavizado penalizado. Para superficies bidimensionales, el producto tensorial permite combinar una base por delta y otra por tenor. Reiss y Xu {ReissXu2020} estudian la relación ",10.1214/ss/1038425655,Crossref,verified,journal-article,Flexible smoothing with B-splines and penalties,"Eilers, Paul H. C.; Marx, Brian D.",1996,Statistical Science,11,2,,Institute of Mathematical Statistics,2774,,pending_substantive_review,retain,"Eilers, P. H. C., \& Marx, B. D. (1996). Flexible Smoothing with B-splines and Penalties. \emph{Statistical Science}, 11(2), 89--121. \url{https://doi.org/10.1214/ss/1038425655}"
EilersMarx2003,1,288,Análisis de datos funcionales y representación mediante bases,"La elección de una base no es un detalle puramente computacional. Determina el subespacio en el cual se aproxima la observación funcional y el tipo de regularidad que puede representarse. Las bases B-spline resultan apropiadas por su soporte local, estabilidad numérica y flexibilidad. La construcción se apoya en de Boor {DeBoor2001}. Eilers y Marx introducen el suavizado flexible mediante B-splines y penalizaciones {EilersMarx1996} y posteriormente desarrollan una aplicación bidimensional de regresión penalizada {EilersMarx2003}; Ruppert et al. {Ruppert2003} y Wood {Wood2017} ofrecen tratamientos más generales del suavizado penalizado. Para superficies bidimensionales, el producto tensorial permite combinar una base por delta y otra por tenor. Reiss y Xu {ReissXu2020} estudian la relación ",10.1016/s0169-7439(03)00029-7,Crossref,verified,journal-article,Multivariate calibration with temperature interaction using two-dimensional penalized signal regression,"Eilers, Paul H.C.; Marx, Brian D.",2003,Chemometrics and Intelligent Laboratory Systems,66,2,159-174,Elsevier BV,119,,pending_substantive_review,retain,"Eilers, P. H. C., \& Marx, B. D. (2003). Multivariate calibration with temperature interaction using two-dimensional penalized signal regression. \emph{Chemometrics and Intelligent Laboratory Systems}, 66(2), 159--174. \url{https://doi.org/10.1016/S0169-7439(03)00029-7}"
Fengler2003,2,96; 280,Introducción | Superficies de volatilidad y factores comunes,"La literatura muestra que las superficies de volatilidad suelen estar gobernadas por pocos factores latentes. Cont y Da Fonseca {ContDaFonseca2002} y Fengler et al. {Fengler2003} documentan estructuras comunes en volatilidades implícitas. En la literatura arbitrada, Kearney et al. {Kearney2018}, Shang y Kearney {ShangKearney2022} y Tan et al. {Tan2024} desarrollan enfoques funcionales para pronosticar superficies o procesos de volatilidad. Como antecedentes complementarios, Jaimungal y Ng {JaimungalNg2007} presentan un VAR-FPCA para curvas financieras en actas de conferencia y Weaver et al. {Weaver2020} aplican FPCA al pronóstico de superficies FX en un informe institucional. Estas contribuciones motivan la pregunta central de esta tesis: en una muestra reciente y densa de superficies camb || Cont y Da Fonseca {ContDaFonseca2002} documentan que las superficies de volatilidad implícita presentan dinámicas de factores comunes. Fengler et al. {Fengler2003} analizan componentes principales comunes y muestran que una fracción importante de la variación puede organizarse mediante pocos movimientos coordinados. El preprint de Avellaneda et al. {Avellaneda2020} retoma la representación por componentes principales para superficies de opciones sobre índices. En conjunto, estos trabajos respaldan la búsqueda de estructuras latentes parsimoniosas, aunque no implican que el modelo con mejor representación histórica sea necesariamente el mejor predictor fuera de muestra.",10.1023/b:redr.0000004823.77464.2d,Crossref,verified,journal-article,The Dynamics of Implied Volatilities: A Common Principal Components Approach,"Fengler, Matthias R.; Härdle, Wolfgang K.; Villa, Christophe",2003,Review of Derivatives Research,6,3,179-202,Springer Science and Business Media LLC,82,,pending_substantive_review,retain,"Fengler, M. R., Härdle, W. K., \& Villa, C. (2003). The Dynamics of Implied Volatilities: A Common Principal Components Approach. \emph{Review of Derivatives Research}, 6(3), 179--202. \url{https://doi.org/10.1023/B:REDR.0000004823.77464.2d}"
FerratyVieu2006,1,302,"Series funcionales, ARH y regresión no paramétrica","Ferraty y Vieu {FerratyVieu2006} proporcionan fundamentos para regresión funcional no paramétrica. Mas y Pumo {MasPumo2009} estudian regresión funcional con derivadas, y Ruiz-Medina et al. {RuizMedina2019} proponen regresión múltiple dinámica en espacios funcionales con regresores kernel y errores ARH(1). La especificación KernelARH de esta tesis operacionaliza esa idea en el espacio finito de puntajes: estima una media condicional no lineal y añade dependencia autorregresiva en los residuos. Liang et al. {Liang2022} muestran, en otra aplicación financiera, el alcance del FDA para medir y analizar volatilidad de alta frecuencia.",10.1007/0-387-36620-2,Crossref,verified,book,Nonparametric Functional Data Analysis,,2006,Springer Series in Statistics,,,,Springer New York,40,,pending_substantive_review,retain,"Ferraty, F., \& Vieu, P. (2006). \emph{Nonparametric Functional Data Analysis: Theory and Practice}. Springer. \url{https://doi.org/10.1007/0-387-36620-2}"
Grith2018,1,294,FPCA y aplicaciones financieras,"La FPCA generaliza la PCA al caso en que las observaciones pertenecen a un espacio funcional. Su papel consiste en encontrar funciones ortonormales que ordenen la variación muestral y proporcionen puntajes escalares para cada fecha. En actas de conferencia, Jaimungal y Ng {JaimungalNg2007} proponen combinar VAR y FPCA para series financieras; Grith et al. {Grith2018} desarrollan métodos FPCA para derivadas de curvas multivariadas y los aplican a superficies financieras. Estas contribuciones muestran usos concretos de la reducción funcional de dimensión sobre objetos observados de manera discreta.",10.5705/ss.202017.0199,Crossref,verified,journal-article,Functional Principal Component Analysis for Derivatives of Multivariate Curves,"Grith, Maria; Wagner, Heiko; Härdle, Wolfgang K.; Kneip, Alois",2018,Statistica Sinica,,,,Statistica Sinica (Institute of Statistical Science),3,,pending_substantive_review,retain,"Grith, M., Wagner, H., Härdle, W. K., \& Kneip, A. (2018). Functional Principal Component Analysis for Derivatives of Multivariate Curves. \emph{Statistica Sinica}, 28(5), 2469--2496. \url{https://doi.org/10.5705/ss.202017.0199}"
Hagan2002,2,94; 278,Introducción | Superficies de volatilidad y factores comunes,"Los pares latinoamericanos amplían un campo empírico en el que la evidencia publicada es menos abundante que para monedas desarrolladas. La base permite compararlos sobre una malla homogénea, pero no mide directamente liquidez, intervención cambiaria ni shocks macrofinancieros; por ello, la heterogeneidad entre pares se analiza de manera descriptiva y no se atribuye a esos mecanismos sin evidencia adicional. Los modelos paramétricos clásicos, como Heston {Heston1993} o SABR {Hagan2002}, proporcionan estructuras interpretables y compatibles con la práctica financiera, pero pueden ser rígidos cuando se busca capturar patrones empíricos de superficies observadas en mallas completas. En este contexto, el análisis de datos funcionales (FDA) ofrece una alternativa natural: tratar cada superficie || Los modelos paramétricos de volatilidad estocástica constituyen una referencia central para la valorización de opciones. Heston {Heston1993} introduce una dinámica estocástica de varianza con solución semianalítica para precios de opciones, mientras que Hagan et al. {Hagan2002} desarrollan la aproximación SABR para gestionar la dinámica del smile. Estos modelos incorporan estructura económica y restricciones de forma, pero la presente tesis persigue un objetivo distinto: describir directamente la covariación observada de una malla de volatilidades sin imponer que toda superficie provenga de un número fijo de parámetros estructurales.",https://wilmott.com/managing--smile--risk,,manual_review,,,,,,,,,,,,pending_substantive_review,retain,"Hagan, P., Kumar, D., Lesniewski, A., \& Woodward, D. (2002). Managing Smile Risk. \emph{Wilmott Magazine}, 1, 84--108. \url{https://wilmott.com/managing--smile--risk}"
HarveyLeybourneNewbold1997,1,758,Diseño de backtest y tuning,"Con esta convención, un estadístico DM negativo indica que el modelo alternativo tiene mayor pérdida que PM. La varianza del diferencial se estima con una corrección HAC truncada y se aplica la corrección finita propuesta por Harvey, Leybourne y Newbold {HarveyLeybourneNewbold1997}, usando como rezago \((h,5)\). El tope de cinco rezagos es una decisión computacional explícita de esta implementación y no una regla general del contraste.",10.1016/s0169-2070(96)00719-4,Crossref,verified,journal-article,Testing the equality of prediction mean squared errors,"Harvey, David; Leybourne, Stephen; Newbold, Paul",1997,International Journal of Forecasting,13,2,281-291,Elsevier BV,1559,,pending_substantive_review,retain,"Harvey, D., Leybourne, S., \& Newbold, P. (1997). Testing the Equality of Prediction Mean Squared Errors. \emph{International Journal of Forecasting}, 13(2), 281--291. \url{https://doi.org/10.1016/S0169-2070(96)00719-4}"
Heston1993,2,94; 278,Introducción | Superficies de volatilidad y factores comunes,"Los pares latinoamericanos amplían un campo empírico en el que la evidencia publicada es menos abundante que para monedas desarrolladas. La base permite compararlos sobre una malla homogénea, pero no mide directamente liquidez, intervención cambiaria ni shocks macrofinancieros; por ello, la heterogeneidad entre pares se analiza de manera descriptiva y no se atribuye a esos mecanismos sin evidencia adicional. Los modelos paramétricos clásicos, como Heston {Heston1993} o SABR {Hagan2002}, proporcionan estructuras interpretables y compatibles con la práctica financiera, pero pueden ser rígidos cuando se busca capturar patrones empíricos de superficies observadas en mallas completas. En este contexto, el análisis de datos funcionales (FDA) ofrece una alternativa natural: tratar cada superficie || Los modelos paramétricos de volatilidad estocástica constituyen una referencia central para la valorización de opciones. Heston {Heston1993} introduce una dinámica estocástica de varianza con solución semianalítica para precios de opciones, mientras que Hagan et al. {Hagan2002} desarrollan la aproximación SABR para gestionar la dinámica del smile. Estos modelos incorporan estructura económica y restricciones de forma, pero la presente tesis persigue un objetivo distinto: describir directamente la covariación observada de una malla de volatilidades sin imponer que toda superficie provenga de un número fijo de parámetros estructurales.",10.1093/rfs/6.2.327,Crossref,verified,journal-article,A Closed-Form Solution for Options with Stochastic Volatility with Applications to Bond and Currency Options,"Heston, Steven L.",1993,Review of Financial Studies,6,2,327-343,Oxford University Press (OUP),6864,,pending_substantive_review,retain,"Heston, S. L. (1993). A Closed-Form Solution for Options with Stochastic Volatility with Applications to Bond and Currency Options. \emph{Review of Financial Studies}, 6(2), 327--343. \url{https://doi.org/10.1093/rfs/6.2.327}"
HoaglinWelsch1978,1,431,Bases B-spline unidimensionales,"Si \(H=X(X^ X+ I)^{-1}X^\) es la matriz sombrero, su diagonal \(h_{qq}\) mide la sensibilidad del valor ajustado en el nodo \(q\) a su propia observación. Valores cercanos a uno indican alto leverage {HoaglinWelsch1978}. El residuo leave-one-out puede aproximarse por \(e_q/(1-h_{qq})\), lo que permite construir la suma de cuadrados predictiva PRESS sin reestimar 65 veces la superficie; el uso de PRESS como criterio de predicción se remonta a Allen {Allen1974}. En esta tesis, el leverage y el RMSE de ajuste se reportan como diagnósticos; no se utilizan para elegir retrospectivamente una base que favorezca un modelo de pronóstico.",10.1080/00031305.1978.10479237,Crossref,verified,journal-article,The Hat Matrix in Regression and ANOVA,"Hoaglin, David C.; Welsch, Roy E.",1978,The American Statistician,32,1,17-22,Informa UK Limited,1014,,pending_substantive_review,retain,"Hoaglin, D. C., \& Welsch, R. E. (1978). The Hat Matrix in Regression and ANOVA. \emph{The American Statistician}, 32(1), 17--22. \url{https://doi.org/10.1080/00031305.1978.10479237}"
HormannKokoszka2010,1,911,Métricas de evaluación,"El diseño se apoya en el marco de series funcionales temporalmente dependientes de Hörmann y Kokoszka {HormannKokoszka2010}. El escenario de cambio de régimen se incorpora como una alternativa controlada de no estacionariedad; la literatura de cambios en datos funcionales dependientes muestra por qué alteraciones de media o dinámica pueden modificar los subespacios estimados y la inferencia basada en componentes principales {AstonKirch2012}. Las formas, parámetros y fecha del quiebre elegidos aquí pertenecen al diseño experimental de la tesis y no se calibran para reproducir un episodio empírico específico.",10.1214/09-aos768,Crossref,verified,journal-article,Weakly dependent functional data,"Hörmann, Siegfried; Kokoszka, Piotr",2010,The Annals of Statistics,38,3,,Institute of Mathematical Statistics,248,,pending_substantive_review,retain,"Hörmann, S., \& Kokoszka, P. (2010). Weakly Dependent Functional Data. \emph{The Annals of Statistics}, 38(3), 1845--1884. \url{https://doi.org/10.1214/09-AOS768}"
JaimungalNg2007,2,96; 294,Introducción | FPCA y aplicaciones financieras,"La literatura muestra que las superficies de volatilidad suelen estar gobernadas por pocos factores latentes. Cont y Da Fonseca {ContDaFonseca2002} y Fengler et al. {Fengler2003} documentan estructuras comunes en volatilidades implícitas. En la literatura arbitrada, Kearney et al. {Kearney2018}, Shang y Kearney {ShangKearney2022} y Tan et al. {Tan2024} desarrollan enfoques funcionales para pronosticar superficies o procesos de volatilidad. Como antecedentes complementarios, Jaimungal y Ng {JaimungalNg2007} presentan un VAR-FPCA para curvas financieras en actas de conferencia y Weaver et al. {Weaver2020} aplican FPCA al pronóstico de superficies FX en un informe institucional. Estas contribuciones motivan la pregunta central de esta tesis: en una muestra reciente y densa de superficies camb || La FPCA generaliza la PCA al caso en que las observaciones pertenecen a un espacio funcional. Su papel consiste en encontrar funciones ortonormales que ordenen la variación muestral y proporcionen puntajes escalares para cada fecha. En actas de conferencia, Jaimungal y Ng {JaimungalNg2007} proponen combinar VAR y FPCA para series financieras; Grith et al. {Grith2018} desarrollan métodos FPCA para derivadas de curvas multivariadas y los aplican a superficies financieras. Estas contribuciones muestran usos concretos de la reducción funcional de dimensión sobre objetos observados de manera discreta.",https://www.utstat.toronto.edu/sjaimung/papers/VAR-FPCA.pdf,,manual_review,,,,,,,,,,,,pending_substantive_review,retain,"Jaimungal, S., \& Ng, E. K. H. (2007). Consistent Functional PCA for Financial Time-Series. \emph{Proceedings of the Fourth IASTED International Conference on Financial Engineering and Applications}, 103--108. \url{https://www.utstat.toronto.edu/sjaimung/papers/VAR-FPCA.pdf}"
JamesHastieSugar2000,1,286,Análisis de datos funcionales y representación mediante bases,"El análisis de datos funcionales extiende métodos estadísticos a observaciones que son curvas, superficies u otros objetos definidos sobre dominios continuos. Ramsay y Silverman {RamsaySilverman2005} establecen el marco clásico para representar funciones mediante bases, definir productos internos y estimar componentes principales funcionales. En contextos de datos escasos o irregulares, James et al. {JamesHastieSugar2000}, la tesis doctoral de Petrovich {Petrovich2018} y Li et al. {Li2020} discuten estrategias de reducción de dimensión y estimación de covarianza funcional.",10.1093/biomet/87.3.587,Crossref,verified,journal-article,Principal component models for sparse functional data,"James, G.",2000,Biometrika,87,3,587-602,Oxford University Press (OUP),345,,pending_substantive_review,retain,"James, G., Hastie, T., \& Sugar, C. (2000). Principal Component Models for Sparse Functional Data. \emph{Biometrika}, 87(3), 587--602. \url{https://doi.org/10.1093/biomet/87.3.587}"
Kearney2018,2,96; 296,Introducción | FPCA y aplicaciones financieras,"La literatura muestra que las superficies de volatilidad suelen estar gobernadas por pocos factores latentes. Cont y Da Fonseca {ContDaFonseca2002} y Fengler et al. {Fengler2003} documentan estructuras comunes en volatilidades implícitas. En la literatura arbitrada, Kearney et al. {Kearney2018}, Shang y Kearney {ShangKearney2022} y Tan et al. {Tan2024} desarrollan enfoques funcionales para pronosticar superficies o procesos de volatilidad. Como antecedentes complementarios, Jaimungal y Ng {JaimungalNg2007} presentan un VAR-FPCA para curvas financieras en actas de conferencia y Weaver et al. {Weaver2020} aplican FPCA al pronóstico de superficies FX en un informe institucional. Estas contribuciones motivan la pregunta central de esta tesis: en una muestra reciente y densa de superficies camb || En superficies de volatilidad FX, Kearney et al. {Kearney2018} y Shang y Kearney {ShangKearney2022} desarrollan enfoques funcionales arbitrados para representación y pronóstico. El informe técnico de Weaver et al. {Weaver2020} ofrece una aplicación institucional cercana y Tan et al. {Tan2024} proponen modelos funcionales de pronóstico de volatilidad. La presente tesis se diferencia en el énfasis de evaluación: la FPCA se considera exitosa descriptivamente si comprime e interpreta la superficie, mientras que cualquier afirmación predictiva se condiciona a superar PM bajo una pérdida fuera de muestra previamente definida.",10.1080/1351847x.2016.1271441,Crossref,verified,journal-article,Forecasting implied volatility in foreign exchange markets: a functional time series approach,"Kearney, Fearghal; Cummins, Mark; Murphy, Finbarr",2018,The European Journal of Finance,24,1,1-18,Informa UK Limited,13,,pending_substantive_review,retain,"Kearney, F., Cummins, M., \& Murphy, F. (2018). Forecasting Implied Volatility in Foreign Exchange Markets: A Functional Time Series Approach. \emph{The European Journal of Finance}, 24(1), 1--18. \url{https://doi.org/10.1080/1351847X.2016.1271441}"
Krzanowski1979,1,1135,FPCA rolling como diagnóstico de cambios de régimen,"La distancia reportada se calcula como \(d(P,Q)={P-Q}_F\), donde \(P\) y \(Q\) son los proyectores sobre las primeras tres direcciones local y global. La comparación geométrica de subespacios principales se relaciona con los ángulos entre subespacios estudiados por Davis y Kahan {DavisKahan1970} y con la comparación de espacios de componentes principales propuesta por Krzanowski {Krzanowski1979}. Un valor cero indica subespacios idénticos; valores mayores indican rotación. La medida compara envolventes de componentes y no signos individuales, por lo que no confunde una inversión arbitraria de signo con un cambio de estructura. Su escala se interpreta de manera relativa entre pares y ventanas, no como un test formal de quiebre.",10.1080/01621459.1979.10481674,Crossref,verified,journal-article,Between-Groups Comparison of Principal Components,"Krzanowski, W. J.",1979,Journal of the American Statistical Association,74,367,703-707,Informa UK Limited,421,,pending_substantive_review,retain,"Krzanowski, W. J. (1979). Between-Groups Comparison of Principal Components. \emph{Journal of the American Statistical Association}, 74(367), 703--707. \url{https://doi.org/10.1080/01621459.1979.10481674}"
Li2020,1,286,Análisis de datos funcionales y representación mediante bases,"El análisis de datos funcionales extiende métodos estadísticos a observaciones que son curvas, superficies u otros objetos definidos sobre dominios continuos. Ramsay y Silverman {RamsaySilverman2005} establecen el marco clásico para representar funciones mediante bases, definir productos internos y estimar componentes principales funcionales. En contextos de datos escasos o irregulares, James et al. {JamesHastieSugar2000}, la tesis doctoral de Petrovich {Petrovich2018} y Li et al. {Li2020} discuten estrategias de reducción de dimensión y estimación de covarianza funcional.",10.1002/sta4.245,Crossref,verified,journal-article,Fast covariance estimation for multivariate sparse functional data,"Li, Cai; Xiao, Luo; Luo, Sheng",2020,Stat,9,1,e245,Wiley,40,,pending_substantive_review,retain,"Li, C., Xiao, L., \& Luo, S. (2020). Fast Covariance Estimation for Multivariate Sparse Functional Data. \emph{Stat}, 9(1), e245. \url{https://doi.org/10.1002/sta4.245}"
Liang2022,1,302,"Series funcionales, ARH y regresión no paramétrica","Ferraty y Vieu {FerratyVieu2006} proporcionan fundamentos para regresión funcional no paramétrica. Mas y Pumo {MasPumo2009} estudian regresión funcional con derivadas, y Ruiz-Medina et al. {RuizMedina2019} proponen regresión múltiple dinámica en espacios funcionales con regresores kernel y errores ARH(1). La especificación KernelARH de esta tesis operacionaliza esa idea en el espacio finito de puntajes: estima una media condicional no lineal y añade dependencia autorregresiva en los residuos. Liang et al. {Liang2022} muestran, en otra aplicación financiera, el alcance del FDA para medir y analizar volatilidad de alta frecuencia.",10.3390/math10071140,Crossref,verified,journal-article,Measurement and Analysis of High Frequency Assert Volatility Based on Functional Data Analysis,"Liang, Zhenjie; Weng, Futian; Ma, Yuanting; Xu, Yan; Zhu, Miao; Yang, Cai",2022,Mathematics,10,7,1140,MDPI AG,4,title differs or is absent: Measurement and Analysis of High Frequency Assert Volatility Based on Functional Data Analysis,pending_substantive_review,inspect_metadata_difference,"Liang, Z., Weng, F., Ma, Y., Xu, Y., Zhu, M., \& Yang, C. (2022). Measurement and Analysis of High Frequency Asset Volatility Based on Functional Data Analysis. \emph{Mathematics}, 10(7), 1140. \url{https://doi.org/10.3390/math10071140}"
MasPumo2009,1,302,"Series funcionales, ARH y regresión no paramétrica","Ferraty y Vieu {FerratyVieu2006} proporcionan fundamentos para regresión funcional no paramétrica. Mas y Pumo {MasPumo2009} estudian regresión funcional con derivadas, y Ruiz-Medina et al. {RuizMedina2019} proponen regresión múltiple dinámica en espacios funcionales con regresores kernel y errores ARH(1). La especificación KernelARH de esta tesis operacionaliza esa idea en el espacio finito de puntajes: estima una media condicional no lineal y añade dependencia autorregresiva en los residuos. Liang et al. {Liang2022} muestran, en otra aplicación financiera, el alcance del FDA para medir y analizar volatilidad de alta frecuencia.",10.1080/10485250802401046,Crossref,verified,journal-article,Functional linear regression with derivatives,"Mas, André; Pumo, Besnik",2009,Journal of Nonparametric Statistics,21,1,19-40,Informa UK Limited,32,,pending_substantive_review,retain,"Mas, A., \& Pumo, B. (2009). Functional Linear Regression with Derivatives. \emph{Journal of Nonparametric Statistics}, 21(1), 19--40. \url{https://doi.org/10.1080/10485250802401046}"
Nadaraya1964,1,687,KernelARH,"La media condicional kernel empleada es una extensión multivariada del estimador de regresión de Nadaraya {Nadaraya1964}. El ancho de banda controla el compromiso entre localidad y estabilidad y constituye una parte central de la regresión kernel {Tsybakov1988}: un valor pequeño concentra el pronóstico en estados históricos muy próximos, pero puede dejar pocos vecinos efectivos; un valor grande aproxima una media más global. La implementación selecciona el ancho de banda únicamente con datos de entrenamiento. Si el denominador de los pesos es numéricamente insuficiente, se aplica una regla de respaldo estable definida en el script, evitando que una ventana produzca un pronóstico no finito.",10.1137/1109020,Crossref,verified,journal-article,On Estimating Regression,"Nadaraya, E. A.",1964,Theory of Probability & Its Applications,9,1,141-142,Society for Industrial & Applied Mathematics (SIAM),2270,,pending_substantive_review,retain,"Nadaraya, E. A. (1964). On Estimating Regression. \emph{Theory of Probability \& Its Applications}, 9(1), 141--142. \url{https://doi.org/10.1137/1109020}"
Petrovich2018,1,286,Análisis de datos funcionales y representación mediante bases,"El análisis de datos funcionales extiende métodos estadísticos a observaciones que son curvas, superficies u otros objetos definidos sobre dominios continuos. Ramsay y Silverman {RamsaySilverman2005} establecen el marco clásico para representar funciones mediante bases, definir productos internos y estimar componentes principales funcionales. En contextos de datos escasos o irregulares, James et al. {JamesHastieSugar2000}, la tesis doctoral de Petrovich {Petrovich2018} y Li et al. {Li2020} discuten estrategias de reducción de dimensión y estimación de covarianza funcional.",https://etda.libraries.psu.edu/files/final_submissions/17278,,manual_review,,,,,,,,,,,,pending_substantive_review,retain,"Petrovich, J. (2018). \emph{Functional Principal Component Analysis and Sparse Functional Regression}. Doctoral dissertation, Pennsylvania State University. \url{https://etda.libraries.psu.edu/files/final_submissions/17278}"
RamsaySilverman2005,2,94; 286,Introducción | Análisis de datos funcionales y representación mediante bases,"Los pares latinoamericanos amplían un campo empírico en el que la evidencia publicada es menos abundante que para monedas desarrolladas. La base permite compararlos sobre una malla homogénea, pero no mide directamente liquidez, intervención cambiaria ni shocks macrofinancieros; por ello, la heterogeneidad entre pares se analiza de manera descriptiva y no se atribuye a esos mecanismos sin evidencia adicional. Los modelos paramétricos clásicos, como Heston {Heston1993} o SABR {Hagan2002}, proporcionan estructuras interpretables y compatibles con la práctica financiera, pero pueden ser rígidos cuando se busca capturar patrones empíricos de superficies observadas en mallas completas. En este contexto, el análisis de datos funcionales (FDA) ofrece una alternativa natural: tratar cada superficie || El análisis de datos funcionales extiende métodos estadísticos a observaciones que son curvas, superficies u otros objetos definidos sobre dominios continuos. Ramsay y Silverman {RamsaySilverman2005} establecen el marco clásico para representar funciones mediante bases, definir productos internos y estimar componentes principales funcionales. En contextos de datos escasos o irregulares, James et al. {JamesHastieSugar2000}, la tesis doctoral de Petrovich {Petrovich2018} y Li et al. {Li2020} discuten estrategias de reducción de dimensión y estimación de covarianza funcional.",10.1007/b98888,Crossref,verified,book,Functional Data Analysis,"Ramsay, J. O.; Silverman, B. W.",2005,Springer Series in Statistics,,,,Springer New York,2784,,pending_substantive_review,retain,"Ramsay, J. O., \& Silverman, B. W. (2005). \emph{Functional Data Analysis} (2nd ed.). Springer. \url{https://doi.org/10.1007/b98888}"
ReissXu2020,1,288,Análisis de datos funcionales y representación mediante bases,"La elección de una base no es un detalle puramente computacional. Determina el subespacio en el cual se aproxima la observación funcional y el tipo de regularidad que puede representarse. Las bases B-spline resultan apropiadas por su soporte local, estabilidad numérica y flexibilidad. La construcción se apoya en de Boor {DeBoor2001}. Eilers y Marx introducen el suavizado flexible mediante B-splines y penalizaciones {EilersMarx1996} y posteriormente desarrollan una aplicación bidimensional de regresión penalizada {EilersMarx2003}; Ruppert et al. {Ruppert2003} y Wood {Wood2017} ofrecen tratamientos más generales del suavizado penalizado. Para superficies bidimensionales, el producto tensorial permite combinar una base por delta y otra por tenor. Reiss y Xu {ReissXu2020} estudian la relación ",10.1016/j.jspi.2019.10.006,Crossref,verified,journal-article,Tensor product splines and functional principal components,"Reiss, Philip T.; Xu, Meng",2020,Journal of Statistical Planning and Inference,208,,1-12,Elsevier BV,6,,pending_substantive_review,retain,"Reiss, P. T., \& Xu, M. (2020). Tensor product splines and functional principal components. \emph{Journal of Statistical Planning and Inference}, 208, 1--12. \url{https://doi.org/10.1016/j.jspi.2019.10.006}"
ReiswichWystup2010,2,178; 250,"Cotización de opciones sobre divisas | Construcción práctica desde ATM, risk reversal y butterfly","En la práctica, las mesas de opciones FX suelen cotizar volatilidades en coordenadas de delta y tenor, en lugar de publicar una malla completa de strikes. Esta convención facilita comparar instrumentos cuya exposición cambia con el nivel del spot. Sin embargo, existen variantes de delta --spot o forward, ajustada o no por prima-- y distintas definiciones del punto ATM {ReiswichWystup2010}. La base utilizada en esta tesis ya contiene la malla final estandarizada por Bloomberg; por ello, el análisis estadístico toma los niveles de delta publicados como coordenadas de la superficie y no intenta reestimar la convención de cada cotización primaria. || Estas identidades corresponden a la reconstrucción algebraica desde cotizaciones de volatilidad ATM, risk reversal y butterfly. No eliminan la necesidad de fijar previamente las convenciones de delta, prima y ATM del mercado, cuya diversidad en opciones FX es documentada por Reiswich y Wystup {ReiswichWystup2010}.",10.3905/jod.2010.18.2.058,Crossref,verified,journal-article,A Guide to FX Options Quoting Conventions,"Reiswich, Dimitri; Wystup, Uwe",2010,The Journal of Derivatives,18,2,58-68,Pageant Media US,43,,pending_substantive_review,retain,"Reiswich, D., \& Wystup, U. (2010). A Guide to FX Options Quoting Conventions. \emph{The Journal of Derivatives}, 18(2), 58--68. \url{https://doi.org/10.3905/jod.2010.18.2.058}"
ReusCarrascoPincheira2020,1,282,Superficies de volatilidad y factores comunes,"La evidencia disponible se concentra en mercados desarrollados, índices accionarios y pares FX líquidos. Existen, sin embargo, aplicaciones con opciones sobre BRL, MXN y CLP: Reus et al. {ReusCarrascoPincheira2020} estudian la información predictiva de la sonrisa para esas tres monedas latinoamericanas, además de cuatro monedas desarrolladas. El contexto de mercado también es heterogéneo: la encuesta trienal del BIS registra una participación creciente, pero concentrada, de monedas emergentes en el volumen FX mundial {BIS2025}. Los pares latinoamericanos de esta tesis amplían ese ámbito empírico mediante una malla publicada homogénea. La liquidez no se mide directamente y, por ello, no se utiliza como explicación causal de diferencias entre pares.",10.1016/j.frl.2019.07.024,Crossref,verified,journal-article,Do it with a smile: Forecasting volatility with currency options,"Reus, Lorenzo; Carrasco, José A.; Pincheira, Pablo",2020,Finance Research Letters,34,,101251,Elsevier BV,1,,pending_substantive_review,retain,"Reus, L., Carrasco, J. A., \& Pincheira, P. (2020). Do It with a Smile: Forecasting Volatility with Currency Options. \emph{Finance Research Letters}, 34, 101251. \url{https://doi.org/10.1016/j.frl.2019.07.024}"
RuizMedina2019,1,302,"Series funcionales, ARH y regresión no paramétrica","Ferraty y Vieu {FerratyVieu2006} proporcionan fundamentos para regresión funcional no paramétrica. Mas y Pumo {MasPumo2009} estudian regresión funcional con derivadas, y Ruiz-Medina et al. {RuizMedina2019} proponen regresión múltiple dinámica en espacios funcionales con regresores kernel y errores ARH(1). La especificación KernelARH de esta tesis operacionaliza esa idea en el espacio finito de puntajes: estima una media condicional no lineal y añade dependencia autorregresiva en los residuos. Liang et al. {Liang2022} muestran, en otra aplicación financiera, el alcance del FDA para medir y analizar volatilidad de alta frecuencia.",10.1007/s11749-018-0614-2,Crossref,verified,journal-article,"Dynamical multiple regression in function spaces, under kernel regressors, with ARH(1) errors","Ruiz-Medina, M. D.; Miranda, D.; Espejo, R. M.",2019,TEST,28,3,943-968,Springer Science and Business Media LLC,2,,pending_substantive_review,retain,"Ruiz-Medina, M. D., Miranda, D., \& Espejo, R. M. (2019). Dynamical Multiple Regression in Function Spaces, Under Kernel Regressors, with ARH(1) Errors. \emph{TEST}, 28(3), 943--968. \url{https://doi.org/10.1007/s11749-018-0614-2}"
Ruppert2003,1,288,Análisis de datos funcionales y representación mediante bases,"La elección de una base no es un detalle puramente computacional. Determina el subespacio en el cual se aproxima la observación funcional y el tipo de regularidad que puede representarse. Las bases B-spline resultan apropiadas por su soporte local, estabilidad numérica y flexibilidad. La construcción se apoya en de Boor {DeBoor2001}. Eilers y Marx introducen el suavizado flexible mediante B-splines y penalizaciones {EilersMarx1996} y posteriormente desarrollan una aplicación bidimensional de regresión penalizada {EilersMarx2003}; Ruppert et al. {Ruppert2003} y Wood {Wood2017} ofrecen tratamientos más generales del suavizado penalizado. Para superficies bidimensionales, el producto tensorial permite combinar una base por delta y otra por tenor. Reiss y Xu {ReissXu2020} estudian la relación ",10.1017/cbo9780511755453,Crossref,verified,monograph,Semiparametric Regression,"Ruppert, David; Wand, M. P.; Carroll, R. J.",2003,,,,,Cambridge University Press,1996,,pending_substantive_review,retain,"Ruppert, D., Wand, M. P., \& Carroll, R. J. (2003). \emph{Semiparametric Regression}. Cambridge University Press. \url{https://doi.org/10.1017/CBO9780511755453}"
ShangKearney2022,3,96; 296; 308,Introducción | FPCA y aplicaciones financieras | Evaluación predictiva y benchmark de persistencia,"La literatura muestra que las superficies de volatilidad suelen estar gobernadas por pocos factores latentes. Cont y Da Fonseca {ContDaFonseca2002} y Fengler et al. {Fengler2003} documentan estructuras comunes en volatilidades implícitas. En la literatura arbitrada, Kearney et al. {Kearney2018}, Shang y Kearney {ShangKearney2022} y Tan et al. {Tan2024} desarrollan enfoques funcionales para pronosticar superficies o procesos de volatilidad. Como antecedentes complementarios, Jaimungal y Ng {JaimungalNg2007} presentan un VAR-FPCA para curvas financieras en actas de conferencia y Weaver et al. {Weaver2020} aplican FPCA al pronóstico de superficies FX en un informe institucional. Estas contribuciones motivan la pregunta central de esta tesis: en una muestra reciente y densa de superficies camb || En superficies de volatilidad FX, Kearney et al. {Kearney2018} y Shang y Kearney {ShangKearney2022} desarrollan enfoques funcionales arbitrados para representación y pronóstico. El informe técnico de Weaver et al. {Weaver2020} ofrece una aplicación institucional cercana y Tan et al. {Tan2024} proponen modelos funcionales de pronóstico de volatilidad. La presente tesis se diferencia en el énfasis de evaluación: la FPCA se considera exitosa descriptivamente si comprime e interpreta la superficie, mientras que cualquier afirmación predictiva se condiciona a superar PM bajo una pérdida fuera de muestra previamente definida. || La persistencia se incluye como referencia principal porque copiar la última observación constituye la predicción mínima que un modelo dinámico debe mejorar. En superficies FX, Chalamandaris y Tsekrekos {ChalamandarisTsekrekos2010} comparan sus modelos contra una caminata aleatoria y describen este tipo de referencia como difícil de superar a horizontes cortos; Shang y Kearney {ShangKearney2022} también evalúan métodos funcionales dinámicos contra benchmarks establecidos. Su simplicidad no vuelve irrelevante a PM: si el objeto cambia lentamente, una regla sin parámetros puede evitar error de estimación. Además, PM conserva la malla cruda, mientras que PA y los modelos de puntajes comparten el costo de la representación funcional. Esta diferencia permite identificar si una eventual pérdida ",10.1016/j.ijforecast.2021.07.011,Crossref,verified,journal-article,Dynamic functional time-series forecasts of foreign exchange implied volatility surfaces,"Shang, Han Lin; Kearney, Fearghal",2022,International Journal of Forecasting,38,3,1025-1049,Elsevier BV,19,,pending_substantive_review,retain,"Shang, H. L., \& Kearney, F. (2022). Dynamic Functional Time-Series Forecasts of Foreign Exchange Implied Volatility Surfaces. \emph{International Journal of Forecasting}, 38(3), 1025--1049. \url{https://doi.org/10.1016/j.ijforecast.2021.07.011}"
Tan2024,2,96; 296,Introducción | FPCA y aplicaciones financieras,"La literatura muestra que las superficies de volatilidad suelen estar gobernadas por pocos factores latentes. Cont y Da Fonseca {ContDaFonseca2002} y Fengler et al. {Fengler2003} documentan estructuras comunes en volatilidades implícitas. En la literatura arbitrada, Kearney et al. {Kearney2018}, Shang y Kearney {ShangKearney2022} y Tan et al. {Tan2024} desarrollan enfoques funcionales para pronosticar superficies o procesos de volatilidad. Como antecedentes complementarios, Jaimungal y Ng {JaimungalNg2007} presentan un VAR-FPCA para curvas financieras en actas de conferencia y Weaver et al. {Weaver2020} aplican FPCA al pronóstico de superficies FX en un informe institucional. Estas contribuciones motivan la pregunta central de esta tesis: en una muestra reciente y densa de superficies camb || En superficies de volatilidad FX, Kearney et al. {Kearney2018} y Shang y Kearney {ShangKearney2022} desarrollan enfoques funcionales arbitrados para representación y pronóstico. El informe técnico de Weaver et al. {Weaver2020} ofrece una aplicación institucional cercana y Tan et al. {Tan2024} proponen modelos funcionales de pronóstico de volatilidad. La presente tesis se diferencia en el énfasis de evaluación: la FPCA se considera exitosa descriptivamente si comprime e interpreta la superficie, mientras que cualquier afirmación predictiva se condiciona a superar PM bajo una pérdida fuera de muestra previamente definida.",10.1002/for.3170,Crossref,verified,journal-article,Functional volatility forecasting,"Tan, Yingwen; Tan, Zhensi; Tang, Yinfen; Zhang, Zhiyuan",2024,Journal of Forecasting,43,8,3009-3034,Wiley,5,,pending_substantive_review,retain,"Tan, Y., Tan, Z., Tang, Y., \& Zhang, Z. (2024). Functional Volatility Forecasting. \emph{Journal of Forecasting}, 43(8), 3009--3034. \url{https://doi.org/10.1002/for.3170}"
Tashman2000,1,760,Diseño de backtest y tuning,"La evaluación por orígenes móviles sigue la lógica de los tests fuera de muestra discutida por Tashman {Tashman2000}: cada origen separa el periodo de ajuste del valor futuro evaluado, reestima los modelos y genera múltiples errores por horizonte. Este diseño evita que una realización futura entre en el ajuste de su propio pronóstico. Como se precisó anteriormente, la selección global de \(W\) y \(K_0\) resume esos mismos errores históricos y no equivale a una validación anidada con un bloque final reservado.",10.1016/s0169-2070(00)00065-0,Crossref,verified,journal-article,Out-of-sample tests of forecasting accuracy: an analysis and review,"Tashman, Leonard J.",2000,International Journal of Forecasting,16,4,437-450,Elsevier BV,761,,pending_substantive_review,retain,"Tashman, L. J. (2000). Out-of-Sample Tests of Forecasting Accuracy: An Analysis and Review. \emph{International Journal of Forecasting}, 16(4), 437--450. \url{https://doi.org/10.1016/S0169-2070(00)00065-0}"
Tsybakov1988,1,687,KernelARH,"La media condicional kernel empleada es una extensión multivariada del estimador de regresión de Nadaraya {Nadaraya1964}. El ancho de banda controla el compromiso entre localidad y estabilidad y constituye una parte central de la regresión kernel {Tsybakov1988}: un valor pequeño concentra el pronóstico en estados históricos muy próximos, pero puede dejar pocos vecinos efectivos; un valor grande aproxima una media más global. La implementación selecciona el ancho de banda únicamente con datos de entrenamiento. Si el denominador de los pesos es numéricamente insuficiente, se aplica una regla de respaldo estable definida en el script, evitando que una ventana produzca un pronóstico no finito.",10.1137/1132018,Crossref,verified,journal-article,On the Choice of the Bandwidth in Kernel Nonparametric Regression,"Tsybakov, A. B.",1988,Theory of Probability & Its Applications,32,1,142-148,Society for Industrial & Applied Mathematics (SIAM),8,,pending_substantive_review,retain,"Tsybakov, A. B. (1988). On the Choice of the Bandwidth in Kernel Nonparametric Regression. \emph{Theory of Probability \& Its Applications}, 32(1), 142--148. \url{https://doi.org/10.1137/1132018}"
Weaver2020,2,96; 296,Introducción | FPCA y aplicaciones financieras,"La literatura muestra que las superficies de volatilidad suelen estar gobernadas por pocos factores latentes. Cont y Da Fonseca {ContDaFonseca2002} y Fengler et al. {Fengler2003} documentan estructuras comunes en volatilidades implícitas. En la literatura arbitrada, Kearney et al. {Kearney2018}, Shang y Kearney {ShangKearney2022} y Tan et al. {Tan2024} desarrollan enfoques funcionales para pronosticar superficies o procesos de volatilidad. Como antecedentes complementarios, Jaimungal y Ng {JaimungalNg2007} presentan un VAR-FPCA para curvas financieras en actas de conferencia y Weaver et al. {Weaver2020} aplican FPCA al pronóstico de superficies FX en un informe institucional. Estas contribuciones motivan la pregunta central de esta tesis: en una muestra reciente y densa de superficies camb || En superficies de volatilidad FX, Kearney et al. {Kearney2018} y Shang y Kearney {ShangKearney2022} desarrollan enfoques funcionales arbitrados para representación y pronóstico. El informe técnico de Weaver et al. {Weaver2020} ofrece una aplicación institucional cercana y Tan et al. {Tan2024} proponen modelos funcionales de pronóstico de volatilidad. La presente tesis se diferencia en el énfasis de evaluación: la FPCA se considera exitosa descriptivamente si comprime e interpreta la superficie, mientras que cualquier afirmación predictiva se condiciona a superar PM bajo una pérdida fuera de muestra previamente definida.",https://investments.metlife.com/content/dam/metlifecom/us/investments/insights/research-topics/macro-strategy/pdf/MIM_Functional-PCA-Implied-Volatility-Surface-Prediction_051920.pdf,,manual_review,,,,,,,,,,,,pending_substantive_review,retain,"Weaver, C., Perryman, B., Jiang, J., Chien, A., Meoded, E., \& Kirk, A. (2020). \emph{Functional PCA for Implied Volatility Surface Prediction}. Macro Strategy report, MetLife Investment Management. \href{https://investments.metlife.com/content/dam/metlifecom/us/investments/insights/research-topics/macro-strategy/pdf/MIM_Functional-PCA-Implied-Volatility-Surface-Prediction_051920.pdf}{Informe institucional}"
Wood2017,1,288,Análisis de datos funcionales y representación mediante bases,"La elección de una base no es un detalle puramente computacional. Determina el subespacio en el cual se aproxima la observación funcional y el tipo de regularidad que puede representarse. Las bases B-spline resultan apropiadas por su soporte local, estabilidad numérica y flexibilidad. La construcción se apoya en de Boor {DeBoor2001}. Eilers y Marx introducen el suavizado flexible mediante B-splines y penalizaciones {EilersMarx1996} y posteriormente desarrollan una aplicación bidimensional de regresión penalizada {EilersMarx2003}; Ruppert et al. {Ruppert2003} y Wood {Wood2017} ofrecen tratamientos más generales del suavizado penalizado. Para superficies bidimensionales, el producto tensorial permite combinar una base por delta y otra por tenor. Reiss y Xu {ReissXu2020} estudian la relación ",10.1201/9781315370279,Crossref,verified,book,Generalized Additive Models,"Wood, Simon N.",2017,,,,,Chapman and Hall/CRC,6843,,pending_substantive_review,retain,"Wood, S. N. (2017). \emph{Generalized Additive Models: An Introduction with R}. Chapman \& Hall/CRC. \url{https://doi.org/10.1201/9781315370279}"
